{
  "overall": {
    "total_predictions": 221,
    "correct_directions": 143,
    "direction_accuracy": 64.70588235294117
  },
  "1h": {
    "total_predictions": 203,
    "correct_directions": 130,
    "direction_accuracy": 64.03940886699507,
    "mae": 4.256690266600737,
    "rmse": 12.63658703673369
  },
  "1d": {
    "total_predictions": 18,
    "correct_directions": 13,
    "direction_accuracy": 72.22222222222221,
    "mae": 36.41026775954443,
    "rmse": 42.29715222359244
  },
  "1w": {
    "total_predictions": 0,
    "correct_directions": 0,
    "direction_accuracy": 0,
    "mae": 0,
    "rmse": 0
  }
}